schema name,table name,column name,data type,max length,is nullable,column order
Synapse,Filter_SpokeGroup,Tenant_Id,int,4,0,1
Synapse,Filter_SpokeGroup,Group_Level1,nvarchar,400,0,2
Synapse,Filter_SpokeGroup,Group_Level2,nvarchar,400,0,3
Synapse,Filter_SpokeGroup,Group_Level3Plus,nvarchar,400,1,4
Synapse,Filter_SpokeGroup,Spoke_Name,nvarchar,256,0,5
Synapse,Filter_SpokeGroup,Filter_UpdateTime,datetime2,8,1,6
Synapse,Filter_TeamCustomFieldValue,Tenant_Id,int,4,0,1
Synapse,Filter_TeamCustomFieldValue,Vendor_Id,int,4,1,2
Synapse,Filter_TeamCustomFieldValue,Spoke_Name,nvarchar,256,0,3
Synapse,Filter_TeamCustomFieldValue,RespondingTeam_Name,nvarchar,256,0,4
Synapse,Filter_TeamCustomFieldValue,Vendor_Name,nvarchar,256,0,5
Synapse,Filter_TeamCustomFieldValue,CustomField_Name,varchar,100,1,6
Synapse,Filter_TeamCustomFieldValue,CustomField_Value,varchar,100,1,7
Synapse,Filter_TeamCustomFieldValue,Filter_UpdateTime,datetime2,8,1,8
Synapse,Filter_TemplateQBAssessmentActualResults,Tenant_Id,int,4,0,1
Synapse,Filter_TemplateQBAssessmentActualResults,Template_Name,varchar,200,1,2
Synapse,Filter_TemplateQBAssessmentActualResults,Assessment_Name,varchar,200,1,3
Synapse,Filter_TemplateQBAssessmentActualResults,ActualResults,nvarchar,-1,1,4
Synapse,Filter_TemplateQBAssessmentActualResults,QuestionType,int,4,1,5
Synapse,Filter_TemplateQBAssessmentActualResults,IsGroupQuestion,int,4,0,6
Synapse,Filter_TemplateQBAssessmentActualResults,Filter_UpdateTime,datetime2,8,1,7
Synapse,Filter_TemplateQBAssessmentDomain,Tenant_Id,int,4,1,1
Synapse,Filter_TemplateQBAssessmentDomain,Template_Name,varchar,200,1,2
Synapse,Filter_TemplateQBAssessmentDomain,Assessment_Name,varchar,200,1,3
Synapse,Filter_TemplateQBAssessmentDomain,Domain_Name,varchar,200,1,4
Synapse,Filter_TemplateQBAssessmentDomain,QuestionType,int,4,1,5
Synapse,Filter_TemplateQBAssessmentDomain,Filter_UpdateTime,datetime2,8,1,6
Synapse,Filter_TemplateQBAssessmentQuestionTag,Tenant_Id,int,4,0,1
Synapse,Filter_TemplateQBAssessmentQuestionTag,Template_Name,varchar,200,1,2
Synapse,Filter_TemplateQBAssessmentQuestionTag,Assessment_Name,varchar,200,1,3
Synapse,Filter_TemplateQBAssessmentQuestionTag,QuestionTag_Name,nvarchar,8000,1,4
Synapse,Filter_TemplateQBAssessmentQuestionTag,QuestionType,int,4,1,5
Synapse,Filter_TemplateQBAssessmentQuestionTag,Filter_UpdateTime,datetime2,8,1,6
Synapse,Filter_TemplateQBAssessmentStatus,Tenant_Id,int,4,1,1
Synapse,Filter_TemplateQBAssessmentStatus,Template_Name,varchar,200,1,2
Synapse,Filter_TemplateQBAssessmentStatus,Assessment_Name,varchar,200,1,3
Synapse,Filter_TemplateQBAssessmentStatus,Status,varchar,11,1,4
Synapse,Filter_TemplateQBAssessmentStatus,QuestionType,int,4,1,5
Synapse,Filter_TemplateQBAssessmentStatus,Filter_UpdateTime,datetime2,8,1,6
Synapse,Filter_TemplateQBAssessmentVersion,Tenant_Id,int,4,0,1
Synapse,Filter_TemplateQBAssessmentVersion,Template_Name,varchar,200,1,2
Synapse,Filter_TemplateQBAssessmentVersion,Assessment_Name,varchar,200,1,3
Synapse,Filter_TemplateQBAssessmentVersion,ResponseVersion,varchar,112,1,4
Synapse,Filter_TemplateQBAssessmentVersion,QuestionType,int,4,1,5
Synapse,Filter_TemplateQBAssessmentVersion,Filter_UpdateTime,datetime2,8,1,6
Synapse,Filter_TemplateRespondingTeam,Tenant_Id,int,4,1,1
Synapse,Filter_TemplateRespondingTeam,Template_Name,varchar,200,1,2
Synapse,Filter_TemplateRespondingTeam,RespondingTeam,nvarchar,8000,1,3
Synapse,Filter_TemplateRespondingTeam,QuestionType,int,4,1,4
Synapse,Filter_TemplateRespondingTeam,Filter_UpdateTime,datetime2,8,1,5
Synapse,IncrementalControl,TABLE_CATALOG,nvarchar,100,1,1
Synapse,IncrementalControl,TABLE_TYPE,nvarchar,40,1,2
Synapse,IncrementalControl,SOURCE_SCHEMA,nvarchar,40,1,3
Synapse,IncrementalControl,TARGET_SCHEMA,nvarchar,40,1,4
Synapse,IncrementalControl,TABLE_NAME,nvarchar,1000,1,5
Synapse,IncrementalControl,INCREMENTAL_FLAG,varchar,1,1,6
Synapse,IncrementalControl,IS_ACTIVE,int,4,1,7
Synapse,IncrementalControl,IS_DELETED,int,4,1,8
Synapse,IncrementalControl,MODIFIED_BENCHMARK_FIELD,nvarchar,2000,1,9
Synapse,IncrementalControl,LAST_MODIFIED_DATE,datetime2,8,1,10
Synapse,IncrementalControl,KEY_COLUMNS,nvarchar,400,1,11
Synapse,IncrementalControl,JobRunTime,datetime2,8,1,12
Synapse,IncrementalControl,rowsRead,int,4,1,13
Synapse,IncrementalControl,rowsCopied,int,4,1,14
Synapse,IncrementalControl,YF_SSV,nvarchar,200,1,15
Synapse,IncrementalControl,FULL_QUERY,nvarchar,6000,1,16
Synapse,SynKeyColumns,TABLE_TYPE,nvarchar,40,1,1
Synapse,SynKeyColumns,SOURCE_SCHEMA,nvarchar,40,1,2
Synapse,SynKeyColumns,TARGET_SCHEMA,nvarchar,40,1,3
Synapse,SynKeyColumns,TABLE_NAME,nvarchar,1000,1,4
Synapse,SynKeyColumns,KEY_COLUMNS,nvarchar,400,1,5
Synapse,SynKeyColumns,YF_SSV,nvarchar,200,1,6
Synapse,vwAbpTenants,AbpTenants_Id,int,4,0,1
Synapse,vwAbpTenants,AbpTenants_ConnectionString,nvarchar,2048,1,2
Synapse,vwAbpTenants,AbpTenants_CreationTime,datetime2,8,0,3
Synapse,vwAbpTenants,AbpTenants_CreatorUserId,bigint,8,1,4
Synapse,vwAbpTenants,AbpTenants_CustomCssId,uniqueidentifier,16,1,5
Synapse,vwAbpTenants,AbpTenants_DeleterUserId,bigint,8,1,6
Synapse,vwAbpTenants,AbpTenants_DeletionTime,datetime2,8,1,7
Synapse,vwAbpTenants,AbpTenants_EditionId,int,4,1,8
Synapse,vwAbpTenants,AbpTenants_IsActive,bit,1,0,9
Synapse,vwAbpTenants,AbpTenants_IsDeleted,bit,1,0,10
Synapse,vwAbpTenants,AbpTenants_LastModificationTime,datetime2,8,1,11
Synapse,vwAbpTenants,AbpTenants_LastModifierUserId,bigint,8,1,12
Synapse,vwAbpTenants,AbpTenants_LogoFileType,nvarchar,128,1,13
Synapse,vwAbpTenants,AbpTenants_LogoId,uniqueidentifier,16,1,14
Synapse,vwAbpTenants,AbpTenants_Name,nvarchar,256,0,15
Synapse,vwAbpTenants,AbpTenants_TenancyName,nvarchar,128,0,16
Synapse,vwAbpTenants,AbpTenants_IsSeller,bit,1,0,17
Synapse,vwAbpTenants,AbpTenants_ImportFileLogId,bigint,8,1,18
Synapse,vwAbpTenants,AbpTenants_ReferralCode,nvarchar,8000,1,19
Synapse,vwAbpTenants,AbpTenants_ServiceProviderId,int,4,1,20
Synapse,vwAbpTenants,AbpTenants_ProductLabel,nvarchar,8000,1,21
Synapse,vwAbpTenants,AbpTenants_HasCompletedProfileSetup,bit,1,0,22
Synapse,vwAbpTenants,AbpTenants_SignedUpUsingReferralUrl,bit,1,0,23
Synapse,vwAbpTenants,AbpTenants_ExternalCustomerId,nvarchar,8000,1,24
Synapse,vwAbpTenants,AbpTenants_HasUpgradedToFreeTrial,bit,1,0,25
Synapse,vwAbpTenants,AbpTenants_IndustryId,int,4,1,26
Synapse,vwAbpTenants,AbpTenants_SignedUpAppType,int,4,0,27
Synapse,vwAbpTenants,AbpTenants_ThirdPartyLabel,nvarchar,8000,1,28
Synapse,vwAbpTenants,AbpTenants_LocationId,int,4,1,29
Synapse,vwAbpTenants,AbpTenants_SizeOfTeam,int,4,1,30
Synapse,vwAbpTenants,AbpTenants_CompanySize,int,4,1,31
Synapse,vwAbpTenants,AbpTenants_Specialisation,nvarchar,8000,1,32
Synapse,vwAbpTenants,AbpTenants_ExternalAuthorizationServerIssuerUrl,nvarchar,8000,1,33
Synapse,vwAbpTenants,AbpTenants_SinglePageApplicationClientId,nvarchar,8000,1,34
Synapse,vwAbpTenants,AbpTenants_CreatedUsingSPDashboard,bit,1,0,35
Synapse,vwAbpTenants,AbpTenants_IsTemplate,bit,1,0,36
Synapse,vwAbpTenants,AbpTenants_IsConfiguredForStripeGateway,bit,1,0,37
Synapse,vwAbpTenants,AbpTenants_IsAvailableForMarketplace,bit,1,0,38
Synapse,vwAbpTenants,AbpTenants_IsPublishedToMarketplace,bit,1,0,39
Synapse,vwAbpTenants,AbpTenants_IsInternal,bit,1,0,40
Synapse,vwAbpTenants,AbpTenants_IsHubAndSpoke,bit,1,0,41
Synapse,vwAbpTenants,AbpTenants_Total6ClicksCustomers,int,4,1,42
Synapse,vwAbpTenants,AbpTenants_UpdateTime,datetime2,8,1,43
Synapse,vwAbpUser,AbpUsers_Id,bigint,8,0,1
Synapse,vwAbpUser,AbpUsers_Name,nvarchar,128,0,2
Synapse,vwAbpUser,AbpUsers_CreationTime,datetime2,8,0,3
Synapse,vwAbpUser,AbpUsers_LastModificationTime,datetime2,8,1,4
Synapse,vwAbpUser,AbpUsers_EmailAddress,nvarchar,512,0,5
Synapse,vwAbpUser,AbpUsers_NormalizedEmailAddress,nvarchar,512,0,6
Synapse,vwAbpUser,AbpUsers_NormalizedUserName,nvarchar,512,0,7
Synapse,vwAbpUser,AbpUsers_UserName,nvarchar,512,0,8
Synapse,vwAbpUser,AbpUsers_Surname,nvarchar,64,1,9
Synapse,vwAbpUser,AbpUsers_FullName,nvarchar,194,1,10
Synapse,vwAbpUser,AbpUsers_TenantId,int,4,1,11
Synapse,vwAbpUser,AbpUsers_ReportingPlatformId,uniqueidentifier,16,1,12
Synapse,vwAbpUser,AbpUsers_LastLoginTime,datetime2,8,1,13
Synapse,vwAbpUser,AbpUsers_UpdateTime,datetime2,8,1,14
Synapse,vwAnswer,Answer_ID,int,4,0,1
Synapse,vwAnswer,Answer_CreatorUserId,bigint,8,1,2
Synapse,vwAnswer,Answer_AssessmentResponseId,bigint,8,0,3
Synapse,vwAnswer,Answer_QuestionId,int,4,1,4
Synapse,vwAnswer,Answer_ComponentStr,nvarchar,-1,1,5
Synapse,vwAnswer,Answer_RadioCustom,nvarchar,4000,1,6
Synapse,vwAnswer,Answer_Radio,nvarchar,4000,1,7
Synapse,vwAnswer,Answer_MultiSelectValues,nvarchar,8000,1,8
Synapse,vwAnswer,Answer_TextArea,nvarchar,8000,1,9
Synapse,vwAnswer,Answer_Combined,nvarchar,8000,1,10
Synapse,vwAnswer,Answer_Explanation,nvarchar,8000,1,11
Synapse,vwAnswer,Answer_Submit,nvarchar,200,1,12
Synapse,vwAnswer,Answer_JsonId,nvarchar,400,1,13
Synapse,vwAnswer,Answer_Status,int,4,0,14
Synapse,vwAnswer,Answer_StatusCode,varchar,11,0,15
Synapse,vwAnswer,Answer_TenantId,int,4,0,16
Synapse,vwAnswer,Answer_MaxPossibleScore,decimal,9,1,17
Synapse,vwAnswer,Answer_Score,decimal,9,1,18
Synapse,vwAnswer,Answer_RiskStatus,int,4,0,19
Synapse,vwAnswer,Answer_RiskStatusCalc,numeric,5,1,20
Synapse,vwAnswer,Answer_RiskStatusCode,varchar,14,0,21
Synapse,vwAnswer,Answer_Compliance,int,4,0,22
Synapse,vwAnswer,Answer_ResponderId,bigint,8,1,23
Synapse,vwAnswer,Answer_ReviewerComment,nvarchar,-1,1,24
Synapse,vwAnswer,Answer_Version,bigint,8,1,25
Synapse,vwAnswer,Answer_IsCurrent,int,4,0,26
Synapse,vwAnswer,Answer_PK,varchar,48,0,27
Synapse,vwAnswer,Answer_UpdateTime,datetime2,8,1,28
Synapse,vwAnswerAttachedDocumentList,Answer_Id,int,4,0,1
Synapse,vwAnswerAttachedDocumentList,Answer_TenantId,int,4,0,2
Synapse,vwAnswerAttachedDocumentList,AnswerDocument_DisplayFileName,nvarchar,8000,1,3
Synapse,vwAnswerAttachedDocumentList,AnswerDocument_UpdateTime,datetime2,8,1,4
Synapse,vwAnswerResponseChooseMany,Answer_ID,int,4,1,1
Synapse,vwAnswerResponseChooseMany,Question_ID,int,4,0,2
Synapse,vwAnswerResponseChooseMany,AnswerResponse_Key,int,4,1,3
Synapse,vwAnswerResponseChooseMany,AnswerResponse_WeightedScore,numeric,17,1,4
Synapse,vwAnswerResponseChooseMany,AnswerResponse_MaxPossibleScore,decimal,17,1,5
Synapse,vwAnswerResponseChooseMany,AnswerResponse_Value,nvarchar,2000,1,6
Synapse,vwAnswerResponseChooseMany,AnswerResponse_PK,nvarchar,8000,1,7
Synapse,vwAnswerResponseChooseMany,ARCM_UpdateTime,datetime2,8,0,8
Synapse,vwAnswerResponseFilter,Answer_TenantId,int,4,0,1
Synapse,vwAnswerResponseFilter,Answer_QuestionId,int,4,0,2
Synapse,vwAnswerResponseFilter,Answer_Id,int,4,1,3
Synapse,vwAnswerResponseFilter,AnswerResponse_Key,int,4,1,4
Synapse,vwAnswerResponseFilter,AnswerResponse_Value,nvarchar,8000,1,5
Synapse,vwAnswerResponseFilter,ARF_Updatetime,datetime2,8,1,6
Synapse,vwAnswerResponseFilter,AnswerResponseFilter_pk,int,4,0,7
Synapse,vwAssessment,Assessment_ID,bigint,8,0,1
Synapse,vwAssessment,Assessment_IsDeleted,bit,1,1,2
Synapse,vwAssessment,Assessment_CreationTime,datetime2,8,1,3
Synapse,vwAssessment,Assessment_TenantId,int,4,0,4
Synapse,vwAssessment,Assessment_Name,varchar,200,1,5
Synapse,vwAssessment,Assessment_Name_Responding_Team,varchar,200,1,6
Synapse,vwAssessment,Assessment_Status,int,4,1,7
Synapse,vwAssessment,Assessment_StatusCode,varchar,11,1,8
Synapse,vwAssessment,Assessment_Objective,nvarchar,8000,1,9
Synapse,vwAssessment,Assessment_Description,nvarchar,8000,1,10
Synapse,vwAssessment,Assessment_Tags,nvarchar,8000,1,11
Synapse,vwAssessment,Assessment_DueDate,datetime2,8,1,12
Synapse,vwAssessment,AssessmentOverdueFlag,varchar,11,1,13
Synapse,vwAssessment,Assessment_IsTemplate,bit,1,1,14
Synapse,vwAssessment,Assessment_TenantVendorId,bigint,8,1,15
Synapse,vwAssessment,Assessment_EngagementId,bigint,8,1,16
Synapse,vwAssessment,Assessment_PolicyId,bigint,8,1,17
Synapse,vwAssessment,Assessment_ConfirmationCode,nvarchar,8000,1,18
Synapse,vwAssessment,Assessment_PublishedDate,datetime2,8,1,19
Synapse,vwAssessment,Assessment_EndPage,nvarchar,8000,1,20
Synapse,vwAssessment,Assessment_Introduction,nvarchar,8000,1,21
Synapse,vwAssessment,Assessment_TemplateType,int,4,1,22
Synapse,vwAssessment,Assessment_TypeId,int,4,1,23
Synapse,vwAssessment,Assessment_QuestionType,int,4,1,24
Synapse,vwAssessment,Assessment_QuestionTypeCode,varchar,16,1,25
Synapse,vwAssessment,Assessment_RoundResultToNearest,bit,1,1,26
Synapse,vwAssessment,Assessment_ACROSSDomain,int,4,1,27
Synapse,vwAssessment,Assessment_WithinDomain,int,4,1,28
Synapse,vwAssessment,Assessment_ParentTemplateId,bigint,8,1,29
Synapse,vwAssessment,Assessment_RootTemplateId,bigint,8,1,30
Synapse,vwAssessment,Assessment_TemplateVersion,int,4,1,31
Synapse,vwAssessment,Assessment_TemplateVersionName,nvarchar,1000,1,32
Synapse,vwAssessment,Assessment_CreatedFromTemplateId,bigint,8,1,33
Synapse,vwAssessment,Assessment_ParentMarketplaceTemplateId,bigint,8,1,34
Synapse,vwAssessment,Assessment_BulkSendAssessmentLogId,bigint,8,1,35
Synapse,vwAssessment,Assessment_HasPeriod,bit,1,1,36
Synapse,vwAssessment,Assessment_Period,int,4,1,37
Synapse,vwAssessment,Assessment_PeriodicAssessmentId,bigint,8,1,38
Synapse,vwAssessment,Assessment_PeriodStartDate,datetime2,8,1,39
Synapse,vwAssessment,Assessment_IsArchived,bit,1,1,40
Synapse,vwAssessment,Assessment_ImageUrl,nvarchar,8000,1,41
Synapse,vwAssessment,Assessment_IsArchivedForVendor,bit,1,1,42
Synapse,vwAssessment,Assessment_ReAssessmentParentId,bigint,8,1,43
Synapse,vwAssessment,Assessment_ReAssessmentRootId,bigint,8,1,44
Synapse,vwAssessment,Assessment_ReAssessmentVersion,int,4,1,45
Synapse,vwAssessment,Assessment_AuthorityId,int,4,1,46
Synapse,vwAssessment,Assessment_PublishedById,bigint,8,1,47
Synapse,vwAssessment,Assessment_ArchivedDate,datetime2,8,1,48
Synapse,vwAssessment,Assessment_ClosedDate,datetime2,8,1,49
Synapse,vwAssessment,Assessment_ClosedReason,nvarchar,8000,1,50
Synapse,vwAssessment,Assessment_ResponseCompletedDate,datetime2,8,1,51
Synapse,vwAssessment,Assessment_ResponseStartedDate,datetime2,8,1,52
Synapse,vwAssessment,Assessment_ReviewedDate,datetime2,8,1,53
Synapse,vwAssessment,Assessment_AssessmentVersion,int,4,1,54
Synapse,vwAssessment,Assessment_AssessmentVersionName,varchar,112,1,55
Synapse,vwAssessment,Assessment_ParentAssessmentId,bigint,8,1,56
Synapse,vwAssessment,Assessment_RootAssessmentId,bigint,8,1,57
Synapse,vwAssessment,Assessment_IsDeprecatedAssessmentVersion,bit,1,1,58
Synapse,vwAssessment,Assessment_CreatedFromAssessmentId,bigint,8,1,59
Synapse,vwAssessment,Assessment_WorkFlowId,int,4,0,60
Synapse,vwAssessment,Assessment_WorkFlow,varchar,11,1,61
Synapse,vwAssessment,Assessment_IsCurrent,int,4,0,62
Synapse,vwAssessment,Assessment_UpdateTime,datetime2,8,1,63
Synapse,vwAssessmentAccessMemberFilter,AssessmentAccessMember_AssessmentId,bigint,8,0,1
Synapse,vwAssessmentAccessMemberFilter,AccessMemberName,nvarchar,256,1,2
Synapse,vwAssessmentAccessMemberFilter,AssessmentAccessMember_UpdateTime,datetime2,8,1,3
Synapse,vwAssessmentAccessMemberList,AssessmentAccessMember_AssessmentId,bigint,8,0,1
Synapse,vwAssessmentAccessMemberList,AccessMemberList,nvarchar,8000,1,2
Synapse,vwAssessmentAccessMemberList,AssessmentAccessMember_UpdateTime,datetime2,8,1,3
Synapse,vwAssessmentAssignedByUser,Tenant_Id,int,4,0,1
Synapse,vwAssessmentAssignedByUser,Assessment_Id,bigint,8,0,2
Synapse,vwAssessmentAssignedByUser,AssignedByUser,nvarchar,194,1,3
Synapse,vwAssessmentAssignedByUser,AssignedToUserList,nvarchar,8000,1,4
Synapse,vwAssessmentAssignedByUser,AssignedToUserEmailList,nvarchar,8000,1,5
Synapse,vwAssessmentAssignedByUser,AssignedUserType,varchar,15,1,6
Synapse,vwAssessmentAssignedByUser,AssessmentAssignedByUser_UpdateTime,datetime2,8,1,7
Synapse,vwAssessmentAssignedByUser,AssessmentAssignedByUser_pk,int,4,0,8
Synapse,vwAssessmentDomain,AssessmentDomain_ID,int,4,0,1
Synapse,vwAssessmentDomain,AssessmentDomain_Name,varchar,200,1,2
Synapse,vwAssessmentDomain,AssessmentDomain_AssessmentId,bigint,8,0,3
Synapse,vwAssessmentDomain,AssessmentDomain_TenantId,int,4,0,4
Synapse,vwAssessmentDomain,AssessmentDomain_IntroductionText,nvarchar,8000,1,5
Synapse,vwAssessmentDomain,AssessmentDomain_Order,int,4,0,6
Synapse,vwAssessmentDomain,AssessmentDomain_UpdateTime,datetime2,8,1,7
Synapse,vwAssessmentDomain,AssessmentDomain_PK,nvarchar,8000,1,8
Synapse,vwAssessmentDomainToResponse,AssessmentId,bigint,8,0,1
Synapse,vwAssessmentDomainToResponse,AssessmentDomain_Name,varchar,200,1,2
Synapse,vwAssessmentDomainToResponse,AssessmentDomain_Description,nvarchar,8000,1,3
Synapse,vwAssessmentDomainToResponse,AssessmentDomain_Order,int,4,0,4
Synapse,vwAssessmentDomainToResponse,AssessmentDomain_TenantId,int,4,0,5
Synapse,vwAssessmentDomainToResponse,AssessmentDomain_Id,int,4,0,6
Synapse,vwAssessmentDomainToResponse,AssessmentResponse_Id,bigint,8,1,7
Synapse,vwAssessmentDomainToResponse,AssessmentResponse_Name,nvarchar,8000,1,8
Synapse,vwAssessmentDomainToResponse,AssessmentResponse_Status,int,4,1,9
Synapse,vwAssessmentDomainToResponse,AssessmentResponse_StatusCode,varchar,11,1,10
Synapse,vwAssessmentDomainToResponse,AssessmentResponse_Version,nvarchar,8000,1,11
Synapse,vwAssessmentDomainToResponse,AssessmentResponse_UserId,bigint,8,1,12
Synapse,vwAssessmentDomainToResponse,AssessmentResponse_RiskRatingWeightedScore,decimal,9,1,13
Synapse,vwAssessmentDomainToResponse,ADR_UpdateTime,datetime2,8,1,14
Synapse,vwAssessmentLinkedDataList,Assessment_ID,bigint,8,0,1
Synapse,vwAssessmentLinkedDataList,Assessment_Name,varchar,200,1,2
Synapse,vwAssessmentLinkedDataList,Assessment_TenantId,int,4,0,3
Synapse,vwAssessmentLinkedDataList,Assessment_AuthorityId,int,4,1,4
Synapse,vwAssessmentLinkedDataList,Assessment_PolicyId,bigint,8,1,5
Synapse,vwAssessmentLinkedDataList,Assessment_LinkedRiskList,varchar,8000,1,6
Synapse,vwAssessmentLinkedDataList,Assessment_LinkedIssueList,nvarchar,8000,1,7
Synapse,vwAssessmentLinkedDataList,Assessment_LinkedAssetList,nvarchar,8000,1,8
Synapse,vwAssessmentLinkedDataList,Assessment_LinkedRegisterList,nvarchar,8000,1,9
Synapse,vwAssessmentLinkedDataList,Assessment_LinkedRegisterRecordList,nvarchar,8000,1,10
Synapse,vwAssessmentOwnerFilter,AssessmentOwner_AssessmentId,bigint,8,0,1
Synapse,vwAssessmentOwnerFilter,Owner_Id,bigint,8,1,2
Synapse,vwAssessmentOwnerFilter,OwnerName,nvarchar,256,1,3
Synapse,vwAssessmentOwnerFilter,AssessmentOwner_UpdateTime,datetime2,8,1,4
Synapse,vwAssessmentOwnerFilter,ADR_UpdateTime,datetime2,8,1,5
Synapse,vwAssessmentOwnerFilter,AssessmentOwnerFilter_pk,int,4,0,6
Synapse,vwAssessmentOwnerList,AssessmentOwner_AssessmentId,bigint,8,0,1
Synapse,vwAssessmentOwnerList,OwnerList,nvarchar,8000,1,2
Synapse,vwAssessmentOwnerList,AssessmentOwnerList_UpdateTime,datetime2,8,1,3
Synapse,vwAssessmentRespondentList,AssessmentResponse_Id,bigint,8,0,1
Synapse,vwAssessmentRespondentList,RespondentList,nvarchar,8000,1,2
Synapse,vwAssessmentRespondentList,AssessmentResponseList_UpdateTime,datetime2,8,1,3
Synapse,vwAssessmentResponse,AssessmentResponse_ID,bigint,8,0,1
Synapse,vwAssessmentResponse,AssessmentResponse_TenantId,int,4,0,2
Synapse,vwAssessmentResponse,AssessmentResponse_Status,int,4,0,3
Synapse,vwAssessmentResponse,AssessmentResponse_StatusCode,varchar,11,1,4
Synapse,vwAssessmentResponse,AssessmentResponse_Version,nvarchar,8000,1,5
Synapse,vwAssessmentResponse,AssessmentResponse_AssessmentId,bigint,8,0,6
Synapse,vwAssessmentResponse,AssessmentResponse_UserId,bigint,8,0,7
Synapse,vwAssessmentResponse,AssessmentResponse_SubmittedDate,datetime2,8,1,8
Synapse,vwAssessmentResponse,AssessmentResponse_ExternalSummary,nvarchar,8000,1,9
Synapse,vwAssessmentResponse,AssessmentResponse_InternalSummary,nvarchar,8000,1,10
Synapse,vwAssessmentResponse,AssessmentResponse_Name,nvarchar,8000,1,11
Synapse,vwAssessmentResponse,AssessmentResponse_RiskRatingWeightedScore,decimal,9,1,12
Synapse,vwAssessmentResponse,AssessmentResponse_PK,varchar,100,0,13
Synapse,vwAssessmentResponse,AssessmentResponse_UpdateTime,datetime2,8,1,14
Synapse,vwAssessmentResponseAssignedReviewerList,AssessmentResponse_TenantId,int,4,0,1
Synapse,vwAssessmentResponseAssignedReviewerList,AssessmentResponse_Id,bigint,8,0,2
Synapse,vwAssessmentResponseAssignedReviewerList,UserList,nvarchar,8000,1,3
Synapse,vwAssessmentResponseAssignedReviewerList,AssignedReviewerList_UpdateTime,datetime2,8,1,4
Synapse,vwAssessmentRisk,AssessmentRisk_ID,bigint,8,0,1
Synapse,vwAssessmentRisk,AssessmentRisk_TenantId,int,4,0,2
Synapse,vwAssessmentRisk,AssessmentRisk_RiskId,int,4,0,3
Synapse,vwAssessmentRisk,AssessmentRisk_AssessmentId,bigint,8,0,4
Synapse,vwAssessmentRisk,AssessmentRisk_AssessmentDomainId,int,4,1,5
Synapse,vwAssessmentRisk,AssessmentRisk_QuestionId,int,4,1,6
Synapse,vwAssessmentRisk,AssessmentRisk_UpdateTime,datetime2,8,1,7
Synapse,vwAssessmentScopeRegisterItem,AssessmentScopeRegisterItem_Uuid,uniqueidentifier,16,0,1
Synapse,vwAssessmentScopeRegisterItem,AssessmentScopeRegisterItem_Id,bigint,8,0,2
Synapse,vwAssessmentScopeRegisterItem,AssessmentScopeRegisterItem_TenantId,int,4,0,3
Synapse,vwAssessmentScopeRegisterItem,AssessmentScopeRegisterItem_RegisterItemId,bigint,8,0,4
Synapse,vwAssessmentScopeRegisterItem,AssessmentScopeRegisterItem_AssessmentId,bigint,8,0,5
Synapse,vwAssessmentScopeRegisterItem,AssessmentScopeRegisterItem_UpdateTime,datetime2,8,1,6
Synapse,vwAssessmentScopeRisk,AssessmentScopeRisk_Uuid,uniqueidentifier,16,0,1
Synapse,vwAssessmentScopeRisk,AssessmentScopeRisk_Id,bigint,8,0,2
Synapse,vwAssessmentScopeRisk,AssessmentScopeRisk_TenantId,int,4,0,3
Synapse,vwAssessmentScopeRisk,AssessmentScopeRisk_RiskId,int,4,0,4
Synapse,vwAssessmentScopeRisk,AssessmentScopeRisk_AssessmentId,bigint,8,0,5
Synapse,vwAssessmentScopeRisk,AssessmentScopeRisk_UpdateTime,datetime2,8,1,6
Synapse,vwAssessmentTag,AssessmentTag_ID,bigint,8,0,1
Synapse,vwAssessmentTag,AssessmentTag_CreationTime,datetime2,8,0,2
Synapse,vwAssessmentTag,AssessmentTag_CreatorUserId,bigint,8,1,3
Synapse,vwAssessmentTag,AssessmentTag_TagId,int,4,0,4
Synapse,vwAssessmentTag,AssessmentTag_AssessmentId,bigint,8,0,5
Synapse,vwAssessmentTag,AssessmentTag_TenantId,int,4,0,6
Synapse,vwAssessmentTag,Assessment_TagName,nvarchar,8000,1,7
Synapse,vwAssessmentTag,AssessmentTag_UpdateTime,datetime2,8,1,8
Synapse,vwAssessmentTagList,Assessment_Id,bigint,8,0,1
Synapse,vwAssessmentTagList,Assessment_TagList,nvarchar,8000,1,2
Synapse,vwAssessmentTagList,AssessmentTagList_UpdateTime,datetime2,8,1,3
Synapse,vwAsset,Asset_Id,bigint,8,0,1
Synapse,vwAsset,Asset_TenantId,int,4,0,2
Synapse,vwAsset,Asset_Title,nvarchar,8000,1,3
Synapse,vwAsset,Asset_Description,nvarchar,8000,1,4
Synapse,vwAsset,Asset_Status,int,4,0,5
Synapse,vwAsset,Asset_StatusCode,varchar,10,0,6
Synapse,vwAsset,Asset_ResolvedDate,datetime2,8,1,7
Synapse,vwAsset,Asset_PublishedById,bigint,8,1,8
Synapse,vwAsset,Asset_ReportedBy,nvarchar,8000,1,9
Synapse,vwAsset,Asset_StageCode,nvarchar,128,1,10
Synapse,vwAsset,Asset_WorkflowStageId,int,4,1,11
Synapse,vwAsset,Asset_IsArchived,bit,1,0,12
Synapse,vwAsset,Asset_RecordedDate,date,3,1,13
Synapse,vwAsset,Asset_CreationTime,datetime2,8,0,14
Synapse,vwAsset,Asset_ReportedTime,datetime2,8,1,15
Synapse,vwAsset,Asset_UpdatedTime,datetime2,8,1,16
Synapse,vwAsset,Asset_DueDate,datetime2,8,1,17
Synapse,vwAsset,Asset_IdRef,bigint,8,0,18
Synapse,vwAsset,Asset_Priority,int,4,1,19
Synapse,vwAsset,Asset_PriorityCode,varchar,13,0,20
Synapse,vwAsset,Asset_RegisterId,bigint,8,0,21
Synapse,vwAsset,Asset_ServiceNowId,nvarchar,500,1,22
Synapse,vwAuthority,Authority_Id,int,4,0,1
Synapse,vwAuthority,Authority_Name,varchar,200,1,2
Synapse,vwAuthority,Authority_Url,nvarchar,8000,1,3
Synapse,vwAuthority,Authority_Type,nvarchar,8000,1,4
Synapse,vwAuthority,Authority_Description,nvarchar,8000,1,5
Synapse,vwAuthority,Authority_LastUpdated,datetime2,8,0,6
Synapse,vwAuthority,Authority_FileName,nvarchar,8000,1,7
Synapse,vwAuthority,Authority_Fileurl,nvarchar,8000,1,8
Synapse,vwAuthority,Authority_IsUploadedToHailey,bit,1,0,9
Synapse,vwAuthority,Authority_Body,nvarchar,8000,1,10
Synapse,vwAuthority,Authority_AuthoritySector,nvarchar,8000,1,11
Synapse,vwAuthority,Authority_JurisdictionId,int,4,1,12
Synapse,vwAuthority,Authority_ArchivedDate,datetime2,8,1,13
Synapse,vwAuthority,Authority_IsArchived,bit,1,0,14
Synapse,vwAuthority,Authority_LastPublishedTime,datetime2,8,1,15
Synapse,vwAuthority,Authority_Status,int,4,0,16
Synapse,vwAuthority,Authority_StatusCode,varchar,9,0,17
Synapse,vwAuthority,Authority_TenantId,int,4,1,18
Synapse,vwAuthority,Authority_CreatedFromAuthorityId,int,4,1,19
Synapse,vwAuthority,Authority_CreationTime,datetime2,8,0,20
Synapse,vwAuthority,Authority_UpdateTime,datetime2,8,1,21
Synapse,vwAuthorityProvision,AuthorityProvision_Id,int,4,0,1
Synapse,vwAuthorityProvision,AuthorityProvision_TenantId,int,4,0,2
Synapse,vwAuthorityProvision,AuthorityProvision_Name,varchar,200,1,3
Synapse,vwAuthorityProvision,AuthorityProvision_ReferenceId,varchar,200,1,4
Synapse,vwAuthorityProvision,AuthorityProvision_Description,nvarchar,8000,1,5
Synapse,vwAuthorityProvision,AuthorityProvision_URL,nvarchar,8000,1,6
Synapse,vwAuthorityProvision,AuthorityProvision_AuthorityId,int,4,0,7
Synapse,vwAuthorityProvision,AuthorityProvision_CustomDataJson,nvarchar,-1,1,8
Synapse,vwAuthorityProvision,AuthorityProvision_Order,int,4,0,9
Synapse,vwAuthorityProvision,AuthorityProvision_UpdateTime,datetime2,8,1,10
Synapse,vwAuthorityProvision,AuthorityProvision_CustomFieldId,int,4,1,11
Synapse,vwAuthorityProvision,AuthorityProvision_CustomFieldName,nvarchar,1000,1,12
Synapse,vwAuthorityProvision,AuthorityProvision_CustomValueTypeId,int,4,1,13
Synapse,vwAuthorityProvision,AuthorityProvision_CustomValue,nvarchar,-1,1,14
Synapse,vwAuthorityProvision,AuthorityProvision_pk,int,4,0,15
Synapse,vwControlQuestion,ControlQuestion_Id,int,4,0,1
Synapse,vwControlQuestion,ControlQuestion_ControlsId,int,4,0,2
Synapse,vwControlQuestion,ControlQuestion_QuestionId,int,4,0,3
Synapse,vwControlQuestion,ControlQuestion_TenantId,int,4,0,4
Synapse,vwControlQuestion,ControlQuestion_CQ_UpdateTime,datetime2,8,1,5
Synapse,vwControls,Controls_Id,int,4,0,1
Synapse,vwControls,Controls_Name,varchar,200,1,2
Synapse,vwControls,Controls_LastModificationTime,datetime2,8,1,3
Synapse,vwControls,Controls_Detail,nvarchar,8000,1,4
Synapse,vwControls,Controls_Tags,nvarchar,8000,1,5
Synapse,vwControls,Controls_Order,int,4,0,6
Synapse,vwControls,Controls_PolicyDomainId,int,4,0,7
Synapse,vwControls,Controls_TemplateControlId,int,4,1,8
Synapse,vwControls,Controls_TenantId,int,4,0,9
Synapse,vwControls,Controls_RiskStatus,int,4,0,10
Synapse,vwControls,Controls_Reference,nvarchar,8000,1,11
Synapse,vwControls,Controls_ParentControlId,int,4,1,12
Synapse,vwControls,Controls_RootControlId,int,4,1,13
Synapse,vwControls,Controls_IsCurrent,int,4,0,14
Synapse,vwControls,Controls_UpdateTime,datetime2,8,1,15
Synapse,vwEngagement,Engagement_Id,bigint,8,0,1
Synapse,vwEngagement,Engagement_TenantId,int,4,0,2
Synapse,vwEngagement,Engagement_Name,nvarchar,8000,1,3
Synapse,vwEngagement,Engagement_Type,nvarchar,8000,1,4
Synapse,vwEngagement,Engagement_Frequency,nvarchar,8000,1,5
Synapse,vwEngagement,Engagement_Description,nvarchar,8000,1,6
Synapse,vwEngagement,Engagement_NextAssessment,datetime2,8,1,7
Synapse,vwEngagement,Engagement_TenantVendorId,bigint,8,0,8
Synapse,vwEngagement,Engagement_BusinessUnit,nvarchar,8000,1,9
Synapse,vwEngagement,Engagement_Criticality,nvarchar,8000,1,10
Synapse,vwEngagement,Engagement_InherentRisk,nvarchar,8000,1,11
Synapse,vwEngagement,Engagement_UpdateTime,datetime2,8,1,12
Synapse,vwFavouriteAssessmentFilter,FavouriteAssessmentFilter_TenantId,int,4,0,1
Synapse,vwFavouriteAssessmentFilter,FavouriteAssessmentFilter_AssessmentId,bigint,8,0,2
Synapse,vwFavouriteAssessmentFilter,FavouriteAssessmentFilter_IsFavourite,bit,1,0,3
Synapse,vwFavouriteAssessmentFilter,FavouriteAssessmentFilter_UpdateTime,datetime2,8,1,4
Synapse,vwIssueAction,IssueAction_Id,bigint,8,0,1
Synapse,vwIssueAction,IssueAction_CreationTime,datetime2,8,0,2
Synapse,vwIssueAction,IssueAction_LastModificationTime,datetime2,8,1,3
Synapse,vwIssueAction,IssueAction_TenantId,int,4,0,4
Synapse,vwIssueAction,IssueAction_Title,nvarchar,8000,1,5
Synapse,vwIssueAction,IssueAction_DueDate,datetime2,8,1,6
Synapse,vwIssueAction,IssueAction_CompletedDate,datetime2,8,1,7
Synapse,vwIssueAction,IssueAction_DueDateStatus,varchar,11,0,8
Synapse,vwIssueAction,IssueAction_IssueId,bigint,8,0,9
Synapse,vwIssueAction,IssueAction_UserId,bigint,8,1,10
Synapse,vwIssueAction,IssueAction_Description,nvarchar,8000,1,11
Synapse,vwIssueAction,IssueAction_TenantVendorId,bigint,8,1,12
Synapse,vwIssueAction,IssueAction_RootIssueActionId,bigint,8,1,13
Synapse,vwIssueAction,IssueAction_Deprecated,bit,1,0,14
Synapse,vwIssueAction,IssueAction_IdRef,nvarchar,100,1,15
Synapse,vwIssueAction,IssueAction_IdRef_New,bigint,8,0,16
Synapse,vwIssueAction,IssueAction_Status,int,4,0,17
Synapse,vwIssueAction,IssueAction_StatusCode,varchar,11,1,18
Synapse,vwIssueAction,IssueAction_UpdateTime,datetime2,8,1,19
Synapse,vwIssueAssessment,IssueAssessment_Id,bigint,8,0,1
Synapse,vwIssueAssessment,IssueAssessment_TenantId,int,4,0,2
Synapse,vwIssueAssessment,IssueAssessment_IssueId,bigint,8,0,3
Synapse,vwIssueAssessment,IssueAssessment_AssessmentId,bigint,8,0,4
Synapse,vwIssueAssessment,IssueAssessment_AssessmentDomainId,int,4,1,5
Synapse,vwIssueAssessment,IssueAssessment_QuestionId,int,4,1,6
Synapse,vwIssueAssessment,IssueAssessment_UpdateTime,datetime2,8,1,7
Synapse,vwIssues,Issues_Id,bigint,8,0,1
Synapse,vwIssues,Issues_TenantId,int,4,0,2
Synapse,vwIssues,Issues_AbpTenants_Name,nvarchar,256,0,3
Synapse,vwIssues,Issues_Name,nvarchar,8000,1,4
Synapse,vwIssues,Issues_Description,nvarchar,8000,1,5
Synapse,vwIssues,Issues_Status,int,4,0,6
Synapse,vwIssues,Issues_StatusCode,varchar,10,0,7
Synapse,vwIssues,Issues_ParentIssueId,bigint,8,1,8
Synapse,vwIssues,Issues_ResolvedDate,datetime2,8,1,9
Synapse,vwIssues,Issues_days,int,4,1,10
Synapse,vwIssues,Issues_RootIssueId,bigint,8,1,11
Synapse,vwIssues,Issues_Version,int,4,0,12
Synapse,vwIssues,Issues_PublishedById,bigint,8,1,13
Synapse,vwIssues,Issues_ReportedBy,nvarchar,8000,1,14
Synapse,vwIssues,Issues_Stage,int,4,0,15
Synapse,vwIssues,Issues_StageCode,nvarchar,128,1,16
Synapse,vwIssues,Issues_WorkflowStageId,int,4,1,17
Synapse,vwIssues,Issues_IsArchived,bit,1,0,18
Synapse,vwIssues,Issues_RecordedDate,date,3,1,19
Synapse,vwIssues,Issues_CreationTime,datetime2,8,0,20
Synapse,vwIssues,Issues_ReportedTime,datetime2,8,1,21
Synapse,vwIssues,Issues_UpdatedTime,datetime2,8,1,22
Synapse,vwIssues,Issues_DueDate,datetime2,8,1,23
Synapse,vwIssues,Issues_IdRef,nvarchar,100,1,24
Synapse,vwIssues,Issues_IdRef_New,bigint,8,0,25
Synapse,vwIssues,Issues_Priority,int,4,1,26
Synapse,vwIssues,Issues_PriorityCode,varchar,13,0,27
Synapse,vwIssues,Issues_LatestPublishedVersion,int,4,0,28
Synapse,vwLatestAssessmentResponse,TenantId,int,4,0,1
Synapse,vwLatestAssessmentResponse,LatestSubmmitedAssessmentResponseId,bigint,8,0,2
Synapse,vwLatestAssessmentResponse,LatestAssessmentResponse_UpdateTime,datetime2,8,1,3
Synapse,vwPolicy,Policy_Id,bigint,8,0,1
Synapse,vwPolicy,Policy_TenantId,int,4,0,2
Synapse,vwPolicy,Policy_Name,nvarchar,8000,1,3
Synapse,vwPolicy,Policy_Description,nvarchar,8000,1,4
Synapse,vwPolicy,Policy_Tags,nvarchar,8000,1,5
Synapse,vwPolicy,Policy_SupplierName,nvarchar,8000,1,6
Synapse,vwPolicy,Policy_Status,int,4,1,7
Synapse,vwPolicy,Policy_StatusCode,varchar,10,0,8
Synapse,vwPolicy,Policy_Type,nvarchar,8000,1,9
Synapse,vwPolicy,Policy_LastReviewDate,datetime2,8,1,10
Synapse,vwPolicy,Policy_NextReviewDate,datetime2,8,1,11
Synapse,vwPolicy,Policy_IsTemplate,bit,1,0,12
Synapse,vwPolicy,Policy_TemplatedId,bigint,8,1,13
Synapse,vwPolicy,Policy_ParentPolicyId,bigint,8,1,14
Synapse,vwPolicy,Policy_RootPolicyId,bigint,8,1,15
Synapse,vwPolicy,Policy_Version,int,4,1,16
Synapse,vwPolicy,Policy_IsPublished,int,4,0,17
Synapse,vwPolicy,Policy_PublishedDate,datetime2,8,1,18
Synapse,vwPolicy,Policy_VersionDate,varchar,47,1,19
Synapse,vwPolicy,Policy_PublishedById,bigint,8,1,20
Synapse,vwPolicy,Policy_ImageUrl,nvarchar,8000,1,21
Synapse,vwPolicy,Policy_HideResponsibilityTasksUntilRepublished,bit,1,0,22
Synapse,vwPolicy,Policy_LastPublishedDate,datetime2,8,1,23
Synapse,vwPolicy,Policy_IsCurrent,int,4,0,24
Synapse,vwPolicy,Policy_UpdateTime,datetime2,8,1,25
Synapse,vwProvisionQuestion,ProvisionQuestion_Id,int,4,0,1
Synapse,vwProvisionQuestion,ProvisionQuestion_TenantId,int,4,0,2
Synapse,vwProvisionQuestion,ProvisionQuestion_QuestionId,int,4,0,3
Synapse,vwProvisionQuestion,ProvisionQuestion_AuthorityProvisionId,int,4,0,4
Synapse,vwProvisionQuestion,ProvisionQuestion_UpdateTime,datetime2,8,1,5
Synapse,vwQBA_QuestionAnswer,part,varchar,12,0,1
Synapse,vwQBA_QuestionAnswer,Answer_TenantId,int,4,0,2
Synapse,vwQBA_QuestionAnswer,Question_Id,int,4,0,3
Synapse,vwQBA_QuestionAnswer,Question_Order,int,4,0,4
Synapse,vwQBA_QuestionAnswer,Question_IdRef,nvarchar,200,1,5
Synapse,vwQBA_QuestionAnswer,Question_Name,nvarchar,8000,1,6
Synapse,vwQBA_QuestionAnswer,Question_Description,nvarchar,-1,1,7
Synapse,vwQBA_QuestionAnswer,Question_AssessmentDomainId,int,4,0,8
Synapse,vwQBA_QuestionAnswer,Question_Type,int,4,0,9
Synapse,vwQBA_QuestionAnswer,Question_TypeCode,varchar,25,0,10
Synapse,vwQBA_QuestionAnswer,Question_Weighting,float,8,0,11
Synapse,vwQBA_QuestionAnswer,Answer_Id,int,4,0,12
Synapse,vwQBA_QuestionAnswer,Answer_Compliance,int,4,0,13
Synapse,vwQBA_QuestionAnswer,Answer_ComplianceCode,varchar,19,0,14
Synapse,vwQBA_QuestionAnswer,Answer_ResponseCount,int,4,0,15
Synapse,vwQBA_QuestionAnswer,Answer_MaxPossibleScore,decimal,13,1,16
Synapse,vwQBA_QuestionAnswer,Answer_ResponderId,bigint,8,1,17
Synapse,vwQBA_QuestionAnswer,Answer_AssessmentResponseId,bigint,8,1,18
Synapse,vwQBA_QuestionAnswer,Answer_ReviewerComment,nvarchar,-1,1,19
Synapse,vwQBA_QuestionAnswer,AnswerResponse_key,int,4,1,20
Synapse,vwQBA_QuestionAnswer,Question_HasConditionalLogic,bit,1,0,21
Synapse,vwQBA_QuestionAnswer,Question_HiddenInSurveyForConditional,bit,1,0,22
Synapse,vwQBA_QuestionAnswer,AnswerResponse_Value,nvarchar,8000,1,23
Synapse,vwQBA_QuestionAnswer,Answer_TextArea,nvarchar,8000,1,24
Synapse,vwQBA_QuestionAnswer,Question_Status,varchar,18,1,25
Synapse,vwQBA_QuestionAnswer,Answer_Score,decimal,9,1,26
Synapse,vwQBA_QuestionAnswer,Answer_RiskStatus,int,4,1,27
Synapse,vwQBA_QuestionAnswer,Answer_RiskStatusCode,varchar,18,1,28
Synapse,vwQBA_QuestionAnswer,Answer_RiskStatusCalc,numeric,13,1,29
Synapse,vwQBA_QuestionAnswer,Question_QuestionGroupId,int,4,1,30
Synapse,vwQBA_QuestionAnswer,Question_QuestionGroupResponseId,int,4,1,31
Synapse,vwQBA_QuestionAnswer,Question_IsMandatory,bit,1,0,32
Synapse,vwQBA_QuestionAnswer,Question_DisplayDocumentUpload,int,4,0,33
Synapse,vwQBA_QuestionAnswer,AnswerResponse_PK,nvarchar,8000,1,34
Synapse,vwQBA_QuestionAnswer,QBA_QA_UpdateTime,datetime2,8,1,35
Synapse,vwQBA_QuestionAnswer,AnswerResponseValue_List,nvarchar,8000,1,36
Synapse,vwQBA_QuestionAnswer,QBA_QuestionAnswer_pk,int,4,0,37
Synapse,vwQBA_TemplateAssessment,Template_Id,bigint,8,1,1
Synapse,vwQBA_TemplateAssessment,Template_Name,varchar,200,1,2
Synapse,vwQBA_TemplateAssessment,Template_Status,int,4,1,3
Synapse,vwQBA_TemplateAssessment,Template_StatusCode,varchar,11,1,4
Synapse,vwQBA_TemplateAssessment,Template_PublishedDate,datetime2,8,1,5
Synapse,vwQBA_TemplateAssessment,Template_PublishedById,bigint,8,1,6
Synapse,vwQBA_TemplateAssessment,Assessment_ID,bigint,8,0,7
Synapse,vwQBA_TemplateAssessment,Assessment_TenantId,int,4,0,8
Synapse,vwQBA_TemplateAssessment,Assessment_RespondingTeam,nvarchar,8000,1,9
Synapse,vwQBA_TemplateAssessment,Assessment_Name,nvarchar,-1,1,10
Synapse,vwQBA_TemplateAssessment,Assessment_Name_RespondingTeam,varchar,200,1,11
Synapse,vwQBA_TemplateAssessment,Assessment_Status,int,4,0,12
Synapse,vwQBA_TemplateAssessment,Assessment_StatusCode,varchar,11,0,13
Synapse,vwQBA_TemplateAssessment,Assessment_Objective,nvarchar,8000,1,14
Synapse,vwQBA_TemplateAssessment,Assessment_Description,nvarchar,8000,1,15
Synapse,vwQBA_TemplateAssessment,Assessment_Tags,nvarchar,8000,1,16
Synapse,vwQBA_TemplateAssessment,Assessment_DueDate,datetime2,8,1,17
Synapse,vwQBA_TemplateAssessment,Assessment_OverdueFlag,varchar,11,0,18
Synapse,vwQBA_TemplateAssessment,Assessment_EngagementId,bigint,8,1,19
Synapse,vwQBA_TemplateAssessment,Assessment_PolicyId,bigint,8,1,20
Synapse,vwQBA_TemplateAssessment,Assessment_PublishedDate,datetime2,8,1,21
Synapse,vwQBA_TemplateAssessment,Assessment_TypeId,int,4,1,22
Synapse,vwQBA_TemplateAssessment,Assessment_QuestionType,int,4,0,23
Synapse,vwQBA_TemplateAssessment,Assessment_QuestionTypeCode,varchar,16,0,24
Synapse,vwQBA_TemplateAssessment,Assessment_RoundResultToNearest,bit,1,0,25
Synapse,vwQBA_TemplateAssessment,Assessment_ACROSSDomain,int,4,0,26
Synapse,vwQBA_TemplateAssessment,Assessment_WithinDomain,int,4,0,27
Synapse,vwQBA_TemplateAssessment,Assessment_ParentTemplateId,bigint,8,1,28
Synapse,vwQBA_TemplateAssessment,Assessment_RootTemplateId,bigint,8,1,29
Synapse,vwQBA_TemplateAssessment,Assessment_TemplateVersion,int,4,1,30
Synapse,vwQBA_TemplateAssessment,Assessment_HasPeriod,bit,1,1,31
Synapse,vwQBA_TemplateAssessment,Assessment_Period,int,4,1,32
Synapse,vwQBA_TemplateAssessment,Assessment_PeriodCode,varchar,12,0,33
Synapse,vwQBA_TemplateAssessment,Assessment_PeriodStartDate,datetime2,8,1,34
Synapse,vwQBA_TemplateAssessment,Assessment_IsArchived,bit,1,0,35
Synapse,vwQBA_TemplateAssessment,Assessment_ImageUrl,nvarchar,8000,1,36
Synapse,vwQBA_TemplateAssessment,Assessment_IsArchivedForVendor,bit,1,0,37
Synapse,vwQBA_TemplateAssessment,Assessment_ReAssessmentParentId,bigint,8,1,38
Synapse,vwQBA_TemplateAssessment,Assessment_ReAssessmentRootId,bigint,8,1,39
Synapse,vwQBA_TemplateAssessment,Assessment_ReAssessmentVersion,int,4,1,40
Synapse,vwQBA_TemplateAssessment,Assessment_AuthorityId,int,4,1,41
Synapse,vwQBA_TemplateAssessment,Assessment_PublishedById,bigint,8,1,42
Synapse,vwQBA_TemplateAssessment,Assessment_ArchivedDate,datetime2,8,1,43
Synapse,vwQBA_TemplateAssessment,Assessment_ClosedDate,datetime2,8,1,44
Synapse,vwQBA_TemplateAssessment,Assessment_ClosedReason,nvarchar,8000,1,45
Synapse,vwQBA_TemplateAssessment,Assessment_ResponseCompletedDate,datetime2,8,1,46
Synapse,vwQBA_TemplateAssessment,Assessment_ResponseStartedDate,datetime2,8,1,47
Synapse,vwQBA_TemplateAssessment,Assessment_ReviewedDate,datetime2,8,1,48
Synapse,vwQBA_TemplateAssessment,Assessment_AssessmentVersion,int,4,1,49
Synapse,vwQBA_TemplateAssessment,Assessment_ParentAssessmentId,bigint,8,1,50
Synapse,vwQBA_TemplateAssessment,Assessment_RootAssessmentId,bigint,8,1,51
Synapse,vwQBA_TemplateAssessment,Assessment_IsDeprecatedAssessmentVersion,bit,1,0,52
Synapse,vwQBA_TemplateAssessment,Assessment_CreatedFromAssessmentId,bigint,8,1,53
Synapse,vwQBA_TemplateAssessment,Assessment_WorkFlowId,int,4,0,54
Synapse,vwQBA_TemplateAssessment,Assessment_WorkFlow,varchar,11,0,55
Synapse,vwQBA_TemplateAssessment,Assessment_TenantVendorId,bigint,8,1,56
Synapse,vwQBA_TemplateAssessment,Assessment_IsCurrent,int,4,0,57
Synapse,vwQBA_TemplateAssessment,Assessment_CreationTime,datetime2,8,0,58
Synapse,vwQBA_TemplateAssessment,Assessment_UpdateTime,datetime2,8,1,59
Synapse,vwQuestion,Question_ID,int,4,0,1
Synapse,vwQuestion,Question_Name,nvarchar,1000,1,2
Synapse,vwQuestion,Question_Description,nvarchar,8000,1,3
Synapse,vwQuestion,Question_Order,int,4,0,4
Synapse,vwQuestion,Question_File,varbinary,-1,1,5
Synapse,vwQuestion,Question_Type,int,4,0,6
Synapse,vwQuestion,Question_TypeCode,varchar,18,0,7
Synapse,vwQuestion,Question_AssessmentDomainId,int,4,0,8
Synapse,vwQuestion,Question_ComponentStr,nvarchar,-1,1,9
Synapse,vwQuestion,Question_VendorDocumentRequired,bit,1,0,10
Synapse,vwQuestion,Question_Code,nvarchar,200,1,11
Synapse,vwQuestion,Question_TenantId,int,4,0,12
Synapse,vwQuestion,Question_Weighting,float,8,0,13
Synapse,vwQuestion,Question_RiskStatus,int,4,0,14
Synapse,vwQuestion,Question_Condition,int,4,1,15
Synapse,vwQuestion,Question_HasConditionalLogic,bit,1,0,16
Synapse,vwQuestion,Question_IsVisibleIfConditional,bit,1,0,17
Synapse,vwQuestion,Question_HiddenInSurveyForConditional,bit,1,0,18
Synapse,vwQuestion,Question_DisplayDocumentUpload,bit,1,0,19
Synapse,vwQuestion,Question_QuestionGroupId,int,4,1,20
Synapse,vwQuestion,Question_Suborder,nvarchar,8000,1,21
Synapse,vwQuestion,Question_RootQuestionId,int,4,1,22
Synapse,vwQuestion,Question_ParentQuestionId,int,4,1,23
Synapse,vwQuestion,Question_IsMandatory,bit,1,0,24
Synapse,vwQuestion,Question_IdRef,nvarchar,200,1,25
Synapse,vwQuestion,Question_PK,nvarchar,8000,1,26
Synapse,vwQuestion,Question_UpdateTime,datetime2,8,1,27
Synapse,vwQuestionAnswer,Question_ID,int,4,0,1
Synapse,vwQuestionAnswer,Question_IdRef,nvarchar,200,1,2
Synapse,vwQuestionAnswer,Question_Name,nvarchar,1000,1,3
Synapse,vwQuestionAnswer,Question_Description,nvarchar,8000,1,4
Synapse,vwQuestionAnswer,Question_Order,int,4,0,5
Synapse,vwQuestionAnswer,Question_File,varbinary,-1,1,6
Synapse,vwQuestionAnswer,Question_Type,int,4,0,7
Synapse,vwQuestionAnswer,Question_TypeCode,varchar,18,0,8
Synapse,vwQuestionAnswer,Question_AssessmentDomainId,int,4,0,9
Synapse,vwQuestionAnswer,Question_TenantId,int,4,1,10
Synapse,vwQuestionAnswer,Question_RiskStatus,int,4,0,11
Synapse,vwQuestionAnswer,Question_Weighting,float,8,0,12
Synapse,vwQuestionAnswer,Question_ComponentStr,nvarchar,-1,1,13
Synapse,vwQuestionAnswer,Question_Status,varchar,18,0,14
Synapse,vwQuestionAnswer,Question_HiddenInSurveyForConditional,bit,1,0,15
Synapse,vwQuestionAnswer,Question_QuestionGroupId,int,4,1,16
Synapse,vwQuestionAnswer,Question_QuestionGroupResponseId,int,4,1,17
Synapse,vwQuestionAnswer,Question_IsActive,bit,1,1,18
Synapse,vwQuestionAnswer,Answer_ID,int,4,1,19
Synapse,vwQuestionAnswer,Answer_AssessmentResponseID,bigint,8,1,20
Synapse,vwQuestionAnswer,Answer_ComponentStr,nvarchar,-1,1,21
Synapse,vwQuestionAnswer,Answer_RadioCustom,nvarchar,4000,1,22
Synapse,vwQuestionAnswer,Answer_Radio,nvarchar,4000,1,23
Synapse,vwQuestionAnswer,Answer_TextArea,nvarchar,8000,1,24
Synapse,vwQuestionAnswer,Answer_Combined,nvarchar,8000,1,25
Synapse,vwQuestionAnswer,Answer_Explanation,nvarchar,8000,1,26
Synapse,vwQuestionAnswer,Answer_Submit,nvarchar,200,1,27
Synapse,vwQuestionAnswer,Answer_TenantId,int,4,1,28
Synapse,vwQuestionAnswer,Answer_MultiSelectValues,nvarchar,8000,1,29
Synapse,vwQuestionAnswer,Answer_AnswerText,nvarchar,8000,1,30
Synapse,vwQuestionAnswer,Answer_AdditionalText,nvarchar,8000,1,31
Synapse,vwQuestionAnswer,Answer_JsonId,nvarchar,400,1,32
Synapse,vwQuestionAnswer,Answer_MaxPossibleScore,decimal,17,1,33
Synapse,vwQuestionAnswer,Answer_Score,decimal,17,1,34
Synapse,vwQuestionAnswer,Answer_RiskStatus,int,4,1,35
Synapse,vwQuestionAnswer,Answer_RiskStatusCode,varchar,14,1,36
Synapse,vwQuestionAnswer,Answer_RiskStatusCalc,numeric,5,1,37
Synapse,vwQuestionAnswer,Answer_Compliance,int,4,1,38
Synapse,vwQuestionAnswer,Answer_ResponderId,bigint,8,1,39
Synapse,vwQuestionAnswer,Answer_ReviewerComment,nvarchar,-1,1,40
Synapse,vwQuestionAnswer,completed_flag,int,4,0,41
Synapse,vwQuestionAnswer,Answer_ResponseCount,int,4,1,42
Synapse,vwQuestionAnswer,QA_UpdateTime,datetime2,8,1,43
Synapse,vwQuestionAssignment,QuestionAssignment_pk,int,4,0,1
Synapse,vwQuestionAssignment,Assessment_ID,bigint,8,0,2
Synapse,vwQuestionAssignment,TenantId,int,4,1,3
Synapse,vwQuestionAssignment,Question_ID,int,4,0,4
Synapse,vwQuestionAssignment,AssigneeUserId,bigint,8,1,5
Synapse,vwQuestionAssignment,Answer_ID,int,4,1,6
Synapse,vwQuestionAssignment,Answer_ResponderId,bigint,8,1,7
Synapse,vwQuestionAssignment,QA_UpdateTime,datetime2,8,1,8
Synapse,vwQuestionGroup,QuestionGroup_ID,int,4,0,1
Synapse,vwQuestionGroup,QuestionGroup_CreationTime,datetime2,8,0,2
Synapse,vwQuestionGroup,QuestionGroup_CreatorUserId,bigint,8,1,3
Synapse,vwQuestionGroup,QuestionGroup_LastModifierUserId,bigint,8,1,4
Synapse,vwQuestionGroup,QuestionGroup_DeleterUserId,bigint,8,1,5
Synapse,vwQuestionGroup,QuestionGroup_DeletionTime,datetime2,8,1,6
Synapse,vwQuestionGroup,QuestionGroup_Name,nvarchar,8000,1,7
Synapse,vwQuestionGroup,QuestionGroup_Description,nvarchar,8000,1,8
Synapse,vwQuestionGroup,QuestionGroup_TenantId,int,4,0,9
Synapse,vwQuestionGroup,QuestionGroup_Explanation,nvarchar,2000,1,10
Synapse,vwQuestionGroup,QuestionGroup_Type,int,4,0,11
Synapse,vwQuestionGroup,QuestionGroup_TypeCode,varchar,12,1,12
Synapse,vwQuestionGroup,QuestionGroup_Compliance,int,4,0,13
Synapse,vwQuestionGroup,QuestionGroup_ComplianceCode,varchar,19,0,14
Synapse,vwQuestionGroup,QuestionGroup_Code,nvarchar,1000,1,15
Synapse,vwQuestionGroup,QuestionGroup_UpdateTime,datetime2,8,1,16
Synapse,vwQuestionGroupAnswers,Question_ID,int,4,0,1
Synapse,vwQuestionGroupAnswers,Question_Name,nvarchar,1000,1,2
Synapse,vwQuestionGroupAnswers,Question_Description,nvarchar,8000,1,3
Synapse,vwQuestionGroupAnswers,Question_Order,int,4,0,4
Synapse,vwQuestionGroupAnswers,Question_File,varbinary,-1,1,5
Synapse,vwQuestionGroupAnswers,Question_Type,int,4,0,6
Synapse,vwQuestionGroupAnswers,Question_TypeCode,varchar,18,0,7
Synapse,vwQuestionGroupAnswers,Question_AssessmentDomainId,int,4,0,8
Synapse,vwQuestionGroupAnswers,Question_ComponentStr,nvarchar,-1,1,9
Synapse,vwQuestionGroupAnswers,Question_VendorDocumentRequired,bit,1,0,10
Synapse,vwQuestionGroupAnswers,Question_Code,nvarchar,200,1,11
Synapse,vwQuestionGroupAnswers,Question_TenantId,int,4,0,12
Synapse,vwQuestionGroupAnswers,Question_Weighting,float,8,0,13
Synapse,vwQuestionGroupAnswers,Question_RiskStatus,int,4,0,14
Synapse,vwQuestionGroupAnswers,Question_Condition,int,4,1,15
Synapse,vwQuestionGroupAnswers,Question_HasConditionalLogic,bit,1,0,16
Synapse,vwQuestionGroupAnswers,Question_IsVisibleIfConditional,bit,1,0,17
Synapse,vwQuestionGroupAnswers,Question_HiddenInSurveyForConditional,bit,1,0,18
Synapse,vwQuestionGroupAnswers,Question_DisplayDocumentUpload,bit,1,0,19
Synapse,vwQuestionGroupAnswers,Question_QuestionGroupId,int,4,1,20
Synapse,vwQuestionGroupAnswers,Question_QuestionGroupResponseId,int,4,1,21
Synapse,vwQuestionGroupAnswers,Question_Suborder,nvarchar,8000,1,22
Synapse,vwQuestionGroupAnswers,Question_RootQuestionId,int,4,1,23
Synapse,vwQuestionGroupAnswers,Question_ParentQuestionId,int,4,1,24
Synapse,vwQuestionGroupAnswers,Question_IsMandatory,bit,1,0,25
Synapse,vwQuestionGroupAnswers,Question_IdRef,nvarchar,200,1,26
Synapse,vwQuestionGroupAnswers,Question_IsDeleted,bit,1,0,27
Synapse,vwQuestionGroupAnswers,Question_PK,nvarchar,8000,1,28
Synapse,vwQuestionGroupAnswers,Question_UpdateTime,datetime2,8,1,29
Synapse,vwQuestionGroupAnswers,Question_IsActive,bit,1,1,30
Synapse,vwQuestionGroupAnswers,QuestionGroup_ID,int,4,0,31
Synapse,vwQuestionGroupAnswers,QuestionGroup_CreationTime,datetime2,8,0,32
Synapse,vwQuestionGroupAnswers,QuestionGroup_CreatorUserId,bigint,8,1,33
Synapse,vwQuestionGroupAnswers,QuestionGroup_LastModifierUserId,bigint,8,1,34
Synapse,vwQuestionGroupAnswers,QuestionGroup_DeleterUserId,bigint,8,1,35
Synapse,vwQuestionGroupAnswers,QuestionGroup_DeletionTime,datetime2,8,1,36
Synapse,vwQuestionGroupAnswers,QuestionGroup_Name,nvarchar,8000,1,37
Synapse,vwQuestionGroupAnswers,QuestionGroup_Description,nvarchar,8000,1,38
Synapse,vwQuestionGroupAnswers,QuestionGroup_TenantId,int,4,0,39
Synapse,vwQuestionGroupAnswers,QuestionGroup_Explanation,nvarchar,-1,1,40
Synapse,vwQuestionGroupAnswers,QuestionGroup_Type,int,4,0,41
Synapse,vwQuestionGroupAnswers,QuestionGroup_TypeCode,varchar,12,1,42
Synapse,vwQuestionGroupAnswers,QuestionGroup_Compliance,int,4,0,43
Synapse,vwQuestionGroupAnswers,QuestionGroup_ComplianceCode,varchar,19,0,44
Synapse,vwQuestionGroupAnswers,QuestionGroup_Code,nvarchar,-1,1,45
Synapse,vwQuestionGroupAnswers,QuestionGroup_UpdateTime,datetime2,8,1,46
Synapse,vwQuestionGroupAnswers,QuestionGroupResponse_ID,int,4,0,47
Synapse,vwQuestionGroupAnswers,QuestionGroupResponse_TenantId,int,4,0,48
Synapse,vwQuestionGroupAnswers,QuestionGroupResponse_Response,nvarchar,8000,1,49
Synapse,vwQuestionGroupAnswers,QuestionGroupResponse_QuestionGroupId,int,4,0,50
Synapse,vwQuestionGroupAnswers,QuestionGroupResponse_Order,nvarchar,2,1,51
Synapse,vwQuestionGroupAnswers,QuestionGroupResponse_IdRef,nvarchar,100,1,52
Synapse,vwQuestionGroupAnswers,QuestionGroupResponse_CreationTime,datetime2,8,0,53
Synapse,vwQuestionGroupAnswers,QuestionGroupResponse_CreatorUserId,bigint,8,1,54
Synapse,vwQuestionGroupAnswers,QuestionGroupResponse_LastModificationTime,datetime2,8,1,55
Synapse,vwQuestionGroupAnswers,QuestionGroupResponse_LastModifierUserId,bigint,8,1,56
Synapse,vwQuestionGroupAnswers,QuestionGroupResponse_DeleterUserId,bigint,8,1,57
Synapse,vwQuestionGroupAnswers,QuestionGroupResponse_DeletionTime,datetime2,8,1,58
Synapse,vwQuestionGroupAnswers,QuestionGroupResponse_AssessmentResponseId,bigint,8,0,59
Synapse,vwQuestionGroupAnswers,QuestionGroupResponse_Compliance,int,4,0,60
Synapse,vwQuestionGroupAnswers,QuestionGroupResponse_Code,nvarchar,-1,1,61
Synapse,vwQuestionGroupAnswers,QuestionGroupResponse_UpdateTime,datetime2,8,1,62
Synapse,vwQuestionGroupAnswers,Answer_ID,int,4,0,63
Synapse,vwQuestionGroupAnswers,Answer_CreatorUserId,bigint,8,1,64
Synapse,vwQuestionGroupAnswers,Answer_AssessmentResponseId,bigint,8,0,65
Synapse,vwQuestionGroupAnswers,Answer_QuestionId,int,4,1,66
Synapse,vwQuestionGroupAnswers,Answer_ComponentStr,nvarchar,-1,1,67
Synapse,vwQuestionGroupAnswers,Answer_RadioCustom,nvarchar,4000,1,68
Synapse,vwQuestionGroupAnswers,Answer_Radio,nvarchar,4000,1,69
Synapse,vwQuestionGroupAnswers,Answer_MultiSelectValues,nvarchar,8000,1,70
Synapse,vwQuestionGroupAnswers,Answer_TextArea,nvarchar,8000,1,71
Synapse,vwQuestionGroupAnswers,Answer_Combined,nvarchar,8000,1,72
Synapse,vwQuestionGroupAnswers,Answer_Explanation,nvarchar,8000,1,73
Synapse,vwQuestionGroupAnswers,Answer_Submit,nvarchar,200,1,74
Synapse,vwQuestionGroupAnswers,Answer_JsonId,nvarchar,400,1,75
Synapse,vwQuestionGroupAnswers,Answer_Status,int,4,0,76
Synapse,vwQuestionGroupAnswers,Answer_StatusCode,varchar,11,0,77
Synapse,vwQuestionGroupAnswers,Answer_TenantId,int,4,0,78
Synapse,vwQuestionGroupAnswers,Answer_MaxPossibleScore,decimal,9,1,79
Synapse,vwQuestionGroupAnswers,Answer_Score,decimal,9,1,80
Synapse,vwQuestionGroupAnswers,Answer_RiskStatus,int,4,0,81
Synapse,vwQuestionGroupAnswers,Answer_RiskStatusCalc,numeric,5,1,82
Synapse,vwQuestionGroupAnswers,Answer_RiskStatusCode,varchar,14,0,83
Synapse,vwQuestionGroupAnswers,Answer_Compliance,int,4,0,84
Synapse,vwQuestionGroupAnswers,Answer_ResponderId,bigint,8,1,85
Synapse,vwQuestionGroupAnswers,Answer_ReviewerComment,nvarchar,-1,1,86
Synapse,vwQuestionGroupAnswers,Answer_Version,bigint,8,1,87
Synapse,vwQuestionGroupAnswers,Answer_IsCurrent,int,4,0,88
Synapse,vwQuestionGroupAnswers,Answer_PK,varchar,48,0,89
Synapse,vwQuestionGroupAnswers,Answer_UpdateTime,datetime2,8,1,90
Synapse,vwQuestionGroupAnswers,NullScore,int,4,1,91
Synapse,vwQuestionGroupAnswers,NullComments,int,4,1,92
Synapse,vwQuestionGroupAnswers,QGA_Updatetime,datetime2,8,1,93
Synapse,vwQuestionProvisionControlList,Id,int,4,0,1
Synapse,vwQuestionProvisionControlList,ProvisionControlList,nvarchar,-1,1,2
Synapse,vwQuestionProvisionControlList,Tenant_Id,int,4,0,3
Synapse,vwQuestionProvisionControlList,Question_Id,int,4,0,4
Synapse,vwQuestionProvisionControlList,QPC_UpdateTime,datetime2,8,1,5
Synapse,vwQuestionTagList,Question_Id,int,4,0,1
Synapse,vwQuestionTagList,Question_TagList,nvarchar,8000,1,2
Synapse,vwQuestionTagList,QuestionTagsList_UpdateTime,datetime2,8,1,3
Synapse,vwQuestionTags,QuestionTags_ID,int,4,0,1
Synapse,vwQuestionTags,QuestionTags_CreationTime,datetime2,8,0,2
Synapse,vwQuestionTags,QuestionTags_CreatorUserId,bigint,8,1,3
Synapse,vwQuestionTags,QuestionTags_TenantId,int,4,0,4
Synapse,vwQuestionTags,QuestionTags_QuestionId,int,4,0,5
Synapse,vwQuestionTags,QuestionTags_TagId,int,4,0,6
Synapse,vwQuestionTags,QuestionTags_UpdateTime,datetime2,8,1,7
Synapse,vwQuestionTagsJoined,QuestionTags_ID,int,4,0,1
Synapse,vwQuestionTagsJoined,QuestionTags_TagId,int,4,0,2
Synapse,vwQuestionTagsJoined,QuestionTags_QuestionId,int,4,0,3
Synapse,vwQuestionTagsJoined,QuestionTags_CreationTime,datetime2,8,0,4
Synapse,vwQuestionTagsJoined,QuestionTags_CreatorUserId,bigint,8,1,5
Synapse,vwQuestionTagsJoined,Tags_Name,nvarchar,8000,1,6
Synapse,vwQuestionTagsJoined,TagName_List,nvarchar,2000,1,7
Synapse,vwQuestionTagsJoined,Tags_Description,nvarchar,8000,1,8
Synapse,vwQuestionTagsJoined,Tags_Type,int,4,1,9
Synapse,vwQuestionTagsJoined,Tags_TenantId,int,4,1,10
Synapse,vwQuestionTagsJoined,QuestionTagsJoined_UpdateTime,datetime2,8,1,11
Synapse,vwQuestionTargetResponse,Question_ID,int,4,0,1
Synapse,vwQuestionTargetResponse,Question_Name,nvarchar,1000,1,2
Synapse,vwQuestionTargetResponse,Question_AssessmentDomainId,int,4,0,3
Synapse,vwQuestionTargetResponse,Question_TenantId,int,4,0,4
Synapse,vwQuestionTargetResponse,Question_Weighting,float,8,0,5
Synapse,vwQuestionTargetResponse,Question_IdRef,nvarchar,200,1,6
Synapse,vwQuestionTargetResponse,Question_IsTargetResponse,int,4,0,7
Synapse,vwQuestionTargetResponse,Question_OptionRank,int,4,1,8
Synapse,vwQuestionTargetResponse,Question_TargetScore,float,8,1,9
Synapse,vwQuestionTargetResponse,Target_Weight,float,8,1,10
Synapse,vwQuestionTargetResponse,Question_TargetResponse,nvarchar,8000,1,11
Synapse,vwQuestionTargetResponse,Question_TargetRiskStatus,decimal,5,1,12
Synapse,vwQuestionTargetResponse,Question_TargetRiskStatusCode,varchar,14,0,13
Synapse,vwQuestionTargetResponse,Question_TargetRiskStatusCalc,numeric,5,1,14
Synapse,vwQuestionTargetResponse,Question_PK,nvarchar,8000,1,15
Synapse,vwQuestionTargetResponse,QTR_UpdateTime,datetime2,8,1,16
Synapse,vwQuestionToIssueActionsList,Question_Id,int,4,0,1
Synapse,vwQuestionToIssueActionsList,IssueActionsList,varchar,1000,1,2
Synapse,vwQuestionToIssueActionsList,QIssueAssessment_UpdateTime,datetime2,8,1,3
Synapse,vwQuestionToIssuesList,Question_Id,int,4,0,1
Synapse,vwQuestionToIssuesList,IssuesList,varchar,1000,1,2
Synapse,vwQuestionToIssuesList,QuestionToIssuesList_UpdateTime,datetime2,8,1,3
Synapse,vwQuestionToRiskList,Question_Id,int,4,0,1
Synapse,vwQuestionToRiskList,RiskList,varchar,-1,1,2
Synapse,vwQuestionToRiskList,QuestionToRiskList_UpdateTime,datetime2,8,1,3
Synapse,vwQuestionVendorUser,QuestionVendorUser_ID,int,4,0,1
Synapse,vwQuestionVendorUser,QuestionVendorUser_CreatorUserId,bigint,8,1,2
Synapse,vwQuestionVendorUser,QuestionVendorUser_UserId,bigint,8,1,3
Synapse,vwQuestionVendorUser,QuestionVendorUser_QuestionId,int,4,0,4
Synapse,vwQuestionVendorUser,QuestionVendorUser_AssessmentId,bigint,8,0,5
Synapse,vwQuestionVendorUser,QuestionVendorUser_TenantId,int,4,0,6
Synapse,vwQuestionVendorUser,QuestionVendorUser_OrganizationUnitId,bigint,8,1,7
Synapse,vwQuestionVendorUser,QuestionVendorUser_PK,varchar,72,0,8
Synapse,vwQuestionVendorUser,QuestionVendorUser_UpdateTime,datetime2,8,1,9
Synapse,vwRegister,Register_Id,bigint,8,0,1
Synapse,vwRegister,Register_RegisterName,nvarchar,140,0,2
Synapse,vwRegister,Register_Description,nvarchar,-1,1,3
Synapse,vwRegister,Register_EntityType,int,4,0,4
Synapse,vwRegister,Register_RegisterRecordLabel,nvarchar,40,1,5
Synapse,vwRegister,Register_RegisterRecordLabelPlural,nvarchar,40,1,6
Synapse,vwRegister,Register_IsWorkflowEnabled,bit,1,0,7
Synapse,vwRegister,Register_MigratedFromRegisterId,bigint,8,1,8
Synapse,vwRegister,Register_TenantId,int,4,0,9
Synapse,vwRegister,Register_Uuid,uniqueidentifier,16,0,10
Synapse,vwRegister,Register_CreationTime,datetime2,8,0,11
Synapse,vwRegister,Register_CreatorUserId,bigint,8,1,12
Synapse,vwRegister,Register_LastModificationTime,datetime2,8,1,13
Synapse,vwRegister,Register_LastModifierUserId,bigint,8,1,14
Synapse,vwRegister,Register_Color,int,4,0,15
Synapse,vwRegister,Register_Icon,int,4,0,16
Synapse,vwRegister,Register_UpdateTime,datetime2,8,1,17
Synapse,vwRegisterRecord,RegisterRecord_Id,bigint,8,0,1
Synapse,vwRegisterRecord,RegisterRecord_TenantId,int,4,0,2
Synapse,vwRegisterRecord,RegisterRecord_Name,nvarchar,8000,1,3
Synapse,vwRegisterRecord,RegisterRecord_Description,nvarchar,8000,1,4
Synapse,vwRegisterRecord,RegisterRecord_Status,int,4,0,5
Synapse,vwRegisterRecord,RegisterRecord_StatusCode,varchar,10,0,6
Synapse,vwRegisterRecord,RegisterRecord_ResolvedDate,datetime2,8,1,7
Synapse,vwRegisterRecord,RegisterRecord_PublishedById,bigint,8,1,8
Synapse,vwRegisterRecord,RegisterRecord_ReportedBy,nvarchar,8000,1,9
Synapse,vwRegisterRecord,RegisterRecord_StageCode,nvarchar,128,1,10
Synapse,vwRegisterRecord,RegisterRecord_WorkflowStageId,int,4,1,11
Synapse,vwRegisterRecord,RegisterRecord_IsArchived,bit,1,0,12
Synapse,vwRegisterRecord,RegisterRecord_RecordedDate,date,3,1,13
Synapse,vwRegisterRecord,RegisterRecord_CreationTime,datetime2,8,0,14
Synapse,vwRegisterRecord,RegisterRecord_ReportedTime,datetime2,8,1,15
Synapse,vwRegisterRecord,RegisterRecord_UpdatedTime,datetime2,8,1,16
Synapse,vwRegisterRecord,RegisterRecord_DueDate,datetime2,8,1,17
Synapse,vwRegisterRecord,RegisterRecord_IdRef,bigint,8,0,18
Synapse,vwRegisterRecord,RegisterRecord_Priority,int,4,1,19
Synapse,vwRegisterRecord,RegisterRecord_PriorityCode,varchar,13,0,20
Synapse,vwRegisterRecord,RegisterRecord_RegisterId,bigint,8,0,21
Synapse,vwReportUserAccess,ReportingPlatformId,uniqueidentifier,16,1,1
Synapse,vwReportUserAccess,User_Id,bigint,8,0,2
Synapse,vwReportUserAccess,Tenant_Id,int,4,1,3
Synapse,vwReportUserAccess,ReportUserAccess_Updatetime,datetime2,8,1,4
Synapse,vwReportUserAccess,ReportUserAccess_pk,int,4,0,5
Synapse,vwRisk,Risk_Id,int,4,0,1
Synapse,vwRisk,Risk_TenantId,int,4,1,2
Synapse,vwRisk,Risk_AbpTenants_Name,nvarchar,256,1,3
Synapse,vwRisk,Risk_Name,varchar,500,1,4
Synapse,vwRisk,Risk_Description,nvarchar,8000,1,5
Synapse,vwRisk,Risk_Status,int,4,0,6
Synapse,vwRisk,Risk_IdRef,varchar,30,1,7
Synapse,vwRisk,Risk_StatusCode,varchar,10,0,8
Synapse,vwRisk,Risk_AbstractRiskId,int,4,1,9
Synapse,vwRisk,Risk_RiskReviewId,int,4,1,10
Synapse,vwRisk,Risk_CommonCause,nvarchar,8000,1,11
Synapse,vwRisk,Risk_CreationTime,datetime2,8,0,12
Synapse,vwRisk,Risk_LastModificationTime,datetime2,8,1,13
Synapse,vwRisk,Risk_SnapshotDate,datetime2,8,1,14
Synapse,vwRisk,Risk_LikelyImpact,nvarchar,8000,1,15
Synapse,vwRisk,Risk_IdentifiedBy,bigint,8,1,16
Synapse,vwRisk,Risk_FavouriteRiskAssessmentId,int,4,1,17
Synapse,vwRisk,Risk_WorkflowStageId,int,4,1,18
Synapse,vwRisk,Risk_TreatmentDecisionId,bigint,8,1,19
Synapse,vwRisk,Risk_TreatmentStatusId,int,4,0,20
Synapse,vwRisk,Risk_TreatmentStatusCode,varchar,21,0,21
Synapse,vwRisk,Risk_RiskRatingId,int,4,1,22
Synapse,vwRisk,Risk_Rating,nvarchar,100,1,23
Synapse,vwRisk,Risk_NULL_Risk,int,4,1,24
Synapse,vwRisk,Risk_IsArchived,bit,1,1,25
Synapse,vwRisk,Risk_IsShared,int,4,1,26
Synapse,vwRisk,Risk_UpdateTime,datetime2,8,1,27
Synapse,vwRpt_TenantVendorGroup,Rpt_TenantVendorGroup_Id,bigint,8,0,1
Synapse,vwRpt_TenantVendorGroup,Rpt_TenantVendorGroup_TenantId,int,4,0,2
Synapse,vwRpt_TenantVendorGroup,Rpt_TenantVendorGroup_VendorGroupId,bigint,8,0,3
Synapse,vwRpt_TenantVendorGroup,Rpt_TenantVendorGroup_SpokeId,bigint,8,0,4
Synapse,vwRpt_TenantVendorGroup,Rpt_TenantVendorGroup_CreationTime,datetime2,8,0,5
Synapse,vwRpt_TenantVendorGroup,Rpt_TenantVendorGroup_CreatorUserId,bigint,8,1,6
Synapse,vwRpt_TenantVendorGroup,Rpt_TenantVendorGroup_LastModificationTime,datetime2,8,1,7
Synapse,vwRpt_TenantVendorGroup,Rpt_TenantVendorGroup_LastModifierUserId,bigint,8,1,8
Synapse,vwRpt_TenantVendorGroup,Rpt_TenantVendorGroup_DeleterUserId,bigint,8,1,9
Synapse,vwRpt_TenantVendorGroup,Rpt_TenantVendorGroup_DeletionTime,datetime2,8,1,10
Synapse,vwRpt_TenantVendorGroup,Rpt_TenantVendorGroup_UpdateTime,datetime2,8,1,11
Synapse,vwRpt_VendorGroup,Rpt_VendorGroup_Id,bigint,8,0,1
Synapse,vwRpt_VendorGroup,Rpt_VendorGroup_TenantId,int,4,0,2
Synapse,vwRpt_VendorGroup,Rpt_VendorGroup_VendorGroupId,bigint,8,0,3
Synapse,vwRpt_VendorGroup,Rpt_VendorGroup_PathLevel,int,4,0,4
Synapse,vwRpt_VendorGroup,Rpt_VendorGroup_Level1Group,nvarchar,500,1,5
Synapse,vwRpt_VendorGroup,Rpt_VendorGroup_Level2Group,nvarchar,500,1,6
Synapse,vwRpt_VendorGroup,Rpt_VendorGroup_Level3PlusGroups,nvarchar,500,1,7
Synapse,vwRpt_VendorGroup,Rpt_VendorGroup_CreationTime,datetime2,8,0,8
Synapse,vwRpt_VendorGroup,Rpt_VendorGroup_CreatorUserId,bigint,8,1,9
Synapse,vwRpt_VendorGroup,Rpt_VendorGroup_LastModificationTime,datetime2,8,1,10
Synapse,vwRpt_VendorGroup,Rpt_VendorGroup_LastModifierUserId,bigint,8,1,11
Synapse,vwRpt_VendorGroup,Rpt_VendorGroup_DeleterUserId,bigint,8,1,12
Synapse,vwRpt_VendorGroup,Rpt_VendorGroup_DeletionTime,datetime2,8,1,13
Synapse,vwRpt_VendorGroup,Rpt_VendorGroup_UpdateTime,datetime2,8,1,14
Synapse,vwTags,Tags_ID,int,4,0,1
Synapse,vwTags,Tags_Name,nvarchar,8000,1,2
Synapse,vwTags,Tags_Description,nvarchar,8000,1,3
Synapse,vwTags,Tags_Type,int,4,0,4
Synapse,vwTags,Tags_TenantId,int,4,0,5
Synapse,vwTags,Tags_UpdateTime,datetime2,8,1,6
Synapse,vwTenantVendor,TenantVendor_Id,bigint,8,0,1
Synapse,vwTenantVendor,TenantVendor_TenantId,int,4,0,2
Synapse,vwTenantVendor,TenantVendor_VendorId,int,4,1,3
Synapse,vwTenantVendor,TenantVendor_Criticality,nvarchar,8000,1,4
Synapse,vwTenantVendor,TenantVendor_Geography,nvarchar,8000,1,5
Synapse,vwTenantVendor,TenantVendor_Industry,nvarchar,8000,1,6
Synapse,vwTenantVendor,TenantVendor_InherentRisk,nvarchar,8000,1,7
Synapse,vwTenantVendor,TenantVendor_InherentRiskCode,nvarchar,-1,1,8
Synapse,vwTenantVendor,TenantVendor_IsArchived,bit,1,0,9
Synapse,vwTenantVendor,TenantVendor_Website,nvarchar,8000,1,10
Synapse,vwTenantVendor,TenantVendor_Name,nvarchar,8000,1,11
Synapse,vwTenantVendor,TenantVendor_CreatorUserId,bigint,8,1,12
Synapse,vwTenantVendor,TenantVendor_CreationTime,datetime2,8,0,13
Synapse,vwTenantVendor,TenantVendor_ContactEmail,nvarchar,-1,1,14
Synapse,vwTenantVendor,TenantVendor_UpdateTime,datetime2,8,1,15
Synapse,vwThirdPartyCustomTable,TenantVendor_Id,bigint,8,0,1
Synapse,vwThirdPartyCustomTable,CustomFieldValue,varchar,100,1,2
Synapse,vwThirdPartyCustomTable,CustomFieldName,varchar,100,1,3
Synapse,vwThirdPartyCustomTable,ThirdPartyCustomTable_UpdateTime,datetime2,8,1,4
Synapse,vwThirdPartyCustomTable,ThirdPartyCustomTable_pk,int,4,0,5
Synapse,vwThirdPartyTag,ThirdPartyTag_Id,int,4,0,1
Synapse,vwThirdPartyTag,ThirdPartyTag_CreationTime,datetime2,8,0,2
Synapse,vwThirdPartyTag,ThirdPartyTag_CreatorUserId,bigint,8,1,3
Synapse,vwThirdPartyTag,ThirdPartyTag_LastModificationTime,datetime2,8,1,4
Synapse,vwThirdPartyTag,ThirdPartyTag_LastModifierUserId,bigint,8,1,5
Synapse,vwThirdPartyTag,ThirdPartyTag_IsDeleted,bit,1,0,6
Synapse,vwThirdPartyTag,ThirdPartyTag_DeleterUserId,bigint,8,1,7
Synapse,vwThirdPartyTag,ThirdPartyTag_DeletionTime,datetime2,8,1,8
Synapse,vwThirdPartyTag,ThirdPartyTag_TagId,int,4,0,9
Synapse,vwThirdPartyTag,ThirdPartyTag_TenantVendorId,bigint,8,0,10
Synapse,vwThirdPartyTag,ThirdPartyTag_TenantId,int,4,0,11
Synapse,vwThirdPartyTag,ThirdPartyTag_UpdateTime,datetime2,8,1,12
